<?xml version="1.0" encoding="UTF-8" ?>
<extension type="package" version="2.5" method="upgrade">
    <name>PKG_SOCIALMETATAGS</name>
    <creationDate>April 2014</creationDate>
    <packagename>socialmetatags</packagename>
    <version>1.0</version>
    <url>http://www.hkweb.nl/</url>
    <author>Hans Kuijpers</author>
    <authorEmail>info@hkweb.nl</authorEmail>
    <authorUrl>http://www.hkweb.nl/</authorUrl>
    <description>PKG_SOCIALMETATAGS_DESC</description>

    <files folder="packages">
        <file type="plugin" id="socialmetatags" group="system">plg_system_socialmetatags.zip</file>
        <file type="plugin" id="socialmetatags" group="user">plg_user_socialmetatags.zip</file>
    </files>

    <languages folder="language">
        <language tag="en-GB">en-GB.pkg_socialmetatags.sys.ini</language>
    </languages>
</extension>
